alpha_idx,alpha,b_mean,b_std,lam_mean,lam_std,achieved_mean,achieved_std,spearman_rho_mean,spearman_rho_std,n_seeds
0,0.05,0.0024492674891994,0.0007952990229267,160.87931235263756,15.90621558119993,0.0024492674891967,0.0007952990229254,-0.9992304731449788,0.0,5
1,0.09375,0.0039723268747944,0.0007475425351969,110.89461696288174,13.251268740790982,0.0039723268747836,0.0007475425352074,-0.9992304731449788,0.0,5
2,0.1375,0.0054953862603894,0.0007124414670141,87.1024616549599,13.111513635570896,0.0054953862604101,0.000712441466989,-0.9992304731449788,0.0,5
3,0.18125,0.0070184456459844,0.0006919245203388,71.85655016720753,12.982394198639987,0.0070184456460027,0.0006919245203153,-0.9992304731449788,0.0,5
4,0.225,0.0085415050315794,0.0006872990147695,60.72216491979409,12.70197582102752,0.0085415050315793,0.0006872990147695,-0.9992304731449788,0.0,5
5,0.26875,0.0100645644171744,0.0006988805516628,51.99333265025872,12.27111399747118,0.0100645644171926,0.0006988805517077,-0.9992304731449788,0.0,5
6,0.3125,0.0115876238027694,0.0007258938016088,44.8476100262137,11.708023276934536,0.0115876238027541,0.0007258938016072,-0.9992304731449788,0.0,5
7,0.35625,0.0131106831883644,0.0007667093927087,38.82790141762933,11.03374762405992,0.0131106831883643,0.0007667093927089,-0.9992304731449788,0.0,5
8,0.4,0.0146337425739594,0.0008192670324465,33.654328451057786,10.27064719105033,0.0146337425739706,0.0008192670324364,-0.9992304731449788,0.0,5
9,0.44375,0.0161568019595544,0.0008814688559285,29.143770079101,9.441644555505809,0.0161568019595404,0.0008814688558967,-0.9992304731449788,0.0,5
10,0.4875,0.0176798613451494,0.0009514252011705,25.170699110151997,8.569365570308493,0.0176798613451982,0.0009514252011137,-0.9992304731449788,0.0,5
11,0.5312500000000001,0.0192029207307445,0.0010275534919434,21.64570418089717,7.675218577751267,0.0192029207307445,0.0010275534919434,-0.9992304731449788,0.0,5
12,0.5750000000000001,0.0207259801163395,0.0011085829423728,18.50238199938764,6.778452052961615,0.0207259801163523,0.0011085829423937,-0.9992304731449788,0.0,5
13,0.6187500000000001,0.0222490395019345,0.0011935157298364,15.688805077195877,5.89552439020181,0.0222490395019076,0.0011935157297977,-0.9992304731449788,0.0,5
14,0.6625000000000001,0.0237720988875295,0.0012815760416558,13.162127573475,5.040027530527145,0.0237720988875365,0.0012815760416405,-0.9992304731449788,0.0,5
15,0.7062500000000002,0.0252951582731245,0.0013721618707929,10.885570866446,4.222853049601819,0.0252951582731286,0.0013721618707847,-0.9992304731449788,0.0,5
16,0.7500000000000001,0.0268182176587195,0.0014648047462722,8.826904168554,3.452101486775901,0.0268182176587239,0.0014648047462679,-0.9992304731449788,0.0,5
17,0.7937500000000001,0.0283412770443145,0.0015591380264998,6.9575873813251246,2.732697329083695,0.028341277044315,0.0015591380264992,-0.9992304731449788,0.0,5
18,0.8375000000000001,0.0298643364299095,0.0016548726605349,5.252168075662707,2.066130349075744,0.0298643364299095,0.0016548726605349,-0.9992304731449788,0.0,5
19,0.88125,0.0313873958155045,0.0017517789116855,3.6878687869784734,1.4506919338797302,0.0313873958155022,0.0017517789116854,-0.9992304731449788,0.0,5
20,0.9250000000000002,0.0329104552010995,0.0018496726424421,2.244355089994713,0.882200017364303,0.0329104552010984,0.0018496726424432,-0.9992304731449788,0.0,5
21,0.9687500000000002,0.0344335145866945,0.0019484050166492,0.903607440957322,0.3549309038867239,0.034433514586693,0.0019484050166491,-0.9992304731449788,0.0,5
22,1.0125000000000002,0.0359565739722895,0.0020478547383886,0.0,0.0,0.0355214141478337,0.0020193734989202,-0.9992304731449788,0.0,5
23,1.05625,0.0374796333578845,0.0021479221694722,0.0,0.0,0.0355214141478337,0.0020193734989202,-0.9992304731449788,0.0,5
24,1.1,0.0390026927434795,0.0022485248405592,0.0,0.0,0.0355214141478337,0.0020193734989202,-0.9992304731449788,0.0,5
