b,lam,achieved,calibration_cost,controlled_stationary_cost,controlled_max_exit,stationary_defect_bound,defect_mean,defect_std,defect_max,tau,prototype,seed
0.0416666666666666,4.74493212836325,0.0416666666666666,0.0416666666666666,0.0001448476910771,0.0017360894476234,0.0173608944762343,0.0014433001749988,0.0004078221260978,0.0017320298150189,5,stationary,0
0.1041666666666666,3.761200115746104,0.1041666666617637,0.1041666666617637,0.0003872894283362,0.0046295720275322,0.0462957202753221,0.0038356256387614,0.0010807903934749,0.0046008089384481,5,stationary,0
0.1666666666666666,3.21887582486802,0.1666666666666919,0.1666666666666919,0.0006659521170993,0.0079364095185275,0.0793640951852755,0.006549729533968,0.0018396852451076,0.0078522332964946,5,stationary,0
0.2291666666666666,2.822460552279954,0.2291666666666666,0.2291666666666666,0.0009896082127054,0.0117519915783272,0.1175199157832723,0.0096552059773249,0.0027019591838025,0.0115683051956489,5,stationary,0
0.2916666666666666,2.496741107464832,0.2916666666605041,0.2916666666605041,0.001370111786973,0.0162035044409673,0.1620350444096736,0.0132432767662789,0.0036900836914065,0.0158562543629526,5,stationary,0
0.3541666666666666,2.210211772863152,0.354166666666639,0.354166666666639,0.0018238819541528,0.0214643839183656,0.2146438391836562,0.0174359016566622,0.0048334650752626,0.0208590462093759,5,stationary,0
0.4166666666666666,1.9459101490553132,0.4166666666666666,0.4166666666666666,0.0023743344931401,0.0277774402040164,0.2777744020401647,0.0223999191869083,0.0061712892830977,0.0267716206425001,5,stationary,0
0.4791666666666666,1.6928195213731352,0.4791666666666708,0.4791666666666708,0.0030560530726046,0.0354933992395696,0.3549339923956962,0.0283697901993717,0.0077568460823944,0.0338668741735606,5,stationary,0
0.5416666666666666,1.4423838277846552,0.5416666666632602,0.5416666666632602,0.0039223485825745,0.0451383501264856,0.4513835012648562,0.0356857475634995,0.0096642611760466,0.0425389713383978,5,stationary,0
0.6041666666666665,1.1865810616130033,0.6041666666669211,0.6041666666669211,0.0050599199612465,0.0575390046854702,0.5753900468547025,0.0448611063275053,0.0119992088253082,0.0533791853740073,5,stationary,0
0.6666666666666665,0.9162907318747304,0.666666666666539,0.666666666666539,0.006619844674798,0.074073216743351,0.7407321674335104,0.0567086455237695,0.0149161674981211,0.0673169659313231,5,stationary,0
0.7291666666666665,0.619039208406225,0.7291666666666665,0.7291666666666665,0.0088909558805999,0.0972211251065454,0.9722112510654548,0.0725973947030604,0.0186455954061431,0.0859031695097607,5,stationary,0
0.7916666666666665,0.274436845701781,0.7916666666666633,0.7916666666666633,0.0125032124899656,0.1319430127681438,1.319430127681438,0.0950321025933875,0.0235298919484476,0.1119393469791498,5,stationary,0
0.8541666666666665,0.0,0.8333333333333333,0.8333333333333333,0.0163868936509968,0.166664930570023,1.6666493057002305,0.115964475615418,0.0276504714357345,0.1360125484885173,5,stationary,0
0.9166666666666664,0.0,0.8333333333333333,0.8333333333333333,0.0163868936509968,0.166664930570023,1.6666493057002305,0.115964475615418,0.0276504714357345,0.1360125484885173,5,stationary,0
